{"cameraMode":{"drawMode":0,"name":"Shaded","section":"Shading Mode"},"sceneLighting":true,"audioPlay":false,"sceneViewState":{"showFog":false,"showMaterialUpdate":false,"showSkybox":false,"showFlares":false,"showImageEffects":false,"showParticleSystems":false},"in2DMode":false,"pivot":{"x":453.222412109375,"y":482.3387451171875,"z":-14.73883056640625},"rotation":{"x":-0.006308296695351601,"y":0.01109691895544529,"z":-0.00007227007154142484,"w":-0.9999409914016724},"size":368.700439453125,"orthographic":false}