{"cameraMode":{"drawMode":0,"name":"Shaded","section":"Shading Mode"},"sceneLighting":false,"audioPlay":false,"sceneViewState":{"showFog":false,"showMaterialUpdate":false,"showSkybox":false,"showFlares":false,"showImageEffects":false,"showParticleSystems":false},"in2DMode":false,"pivot":{"x":-0.02909219264984131,"y":0.04325133562088013,"z":-0.0047144293785095219},"rotation":{"x":-0.08939719945192337,"y":0.8548994064331055,"z":-0.1571667194366455,"w":-0.486309677362442},"size":4.585125923156738,"orthographic":false}