{"cameraMode":{"drawMode":0,"name":"Shaded","section":"Shading Mode"},"sceneLighting":true,"audioPlay":false,"sceneViewState":{"showFog":false,"showMaterialUpdate":false,"showSkybox":false,"showFlares":false,"showImageEffects":false,"showParticleSystems":false},"in2DMode":false,"pivot":{"x":609.4112548828125,"y":302.2757873535156,"z":126.65960693359375},"rotation":{"x":-0.02580624632537365,"y":-0.002402195008471608,"z":0.000060137379477964714,"w":-0.9996850490570068},"size":820.8724975585938,"orthographic":false}