{"cameraMode":{"drawMode":0,"name":"Shaded","section":"Shading Mode"},"sceneLighting":false,"audioPlay":false,"sceneViewState":{"showFog":false,"showMaterialUpdate":false,"showSkybox":false,"showFlares":false,"showImageEffects":false,"showParticleSystems":false},"in2DMode":false,"pivot":{"x":-0.03207463026046753,"y":0.062038540840148929,"z":-0.018172264099121095},"rotation":{"x":-0.08939719945192337,"y":0.8548994064331055,"z":-0.1571667194366455,"w":-0.486309677362442},"size":3.9139578342437746,"orthographic":false}