{"cameraMode":{"drawMode":0,"name":"Shaded","section":"Shading Mode"},"sceneLighting":false,"audioPlay":false,"sceneViewState":{"showFog":false,"showMaterialUpdate":false,"showSkybox":false,"showFlares":false,"showImageEffects":false,"showParticleSystems":false},"in2DMode":false,"pivot":{"x":-0.7039164900779724,"y":-0.2821176052093506,"z":-0.8609088659286499},"rotation":{"x":-0.017558516934514047,"y":0.9560961723327637,"z":-0.28667524456977847,"w":-0.05858765169978142},"size":3.4411792755126955,"orthographic":false}