{"cameraMode":{"drawMode":0,"name":"Shaded","section":"Shading Mode"},"sceneLighting":false,"audioPlay":false,"sceneViewState":{"showFog":false,"showMaterialUpdate":false,"showSkybox":false,"showFlares":false,"showImageEffects":false,"showParticleSystems":false},"in2DMode":false,"pivot":{"x":0.009427666664123536,"y":0.019841015338897706,"z":0.0047692060470581059},"rotation":{"x":-0.08939719945192337,"y":0.8548994064331055,"z":-0.1571667194366455,"w":-0.486309677362442},"size":4.27696418762207,"orthographic":false}