{"cameraMode":{"drawMode":0,"name":"Shaded","section":"Shading Mode"},"sceneLighting":false,"audioPlay":false,"sceneViewState":{"showFog":false,"showMaterialUpdate":false,"showSkybox":false,"showFlares":false,"showImageEffects":false,"showParticleSystems":false},"in2DMode":false,"pivot":{"x":-0.009238123893737793,"y":-0.002369120717048645,"z":0.0036392807960510256},"rotation":{"x":-0.08939719945192337,"y":0.8548994064331055,"z":-0.1571667194366455,"w":-0.486309677362442},"size":1.5403258800506592,"orthographic":false}