{"cameraMode":{"drawMode":0,"name":"Shaded","section":"Shading Mode"},"sceneLighting":false,"audioPlay":false,"sceneViewState":{"showFog":true,"showMaterialUpdate":false,"showSkybox":false,"showFlares":true,"showImageEffects":true,"showParticleSystems":true},"in2DMode":false,"pivot":{"x":450.66156005859377,"y":315.869873046875,"z":6.68634033203125},"rotation":{"x":-0.05875319242477417,"y":-0.027851944789290429,"z":0.0016371096717193723,"w":-0.9978926777839661},"size":863.4030151367188,"orthographic":false}