{"cameraMode":{"drawMode":0,"name":"Shaded","section":"Shading Mode"},"sceneLighting":false,"audioPlay":false,"sceneViewState":{"showFog":false,"showMaterialUpdate":false,"showSkybox":false,"showFlares":false,"showImageEffects":false,"showParticleSystems":false},"in2DMode":false,"pivot":{"x":0.009628444910049439,"y":0.36996781826019289,"z":-0.036298006772994998},"rotation":{"x":-0.02580624632537365,"y":-0.002402195008471608,"z":0.000060137379477964714,"w":-0.9996850490570068},"size":1.5549981594085694,"orthographic":false}